pz,pz_dir,sweep,calc_dir,real_dir,rows,H,sigma,C,Cz,H_box,sigma_eff,n_frames,p_smeared,P_contact,P_contact_err,f_s,f_s_err,P_N,P_N_err,P_b,P_b_err,P_mid_ideal,P_mid_ideal_err,Pi,Pi_err,Pc_Na,nc_Na,nmid_Na,Pc_Cl,nc_Cl,nmid_Cl,Pc_Ip,nc_Ip,nmid_Ip,Pc_Im,nc_Im,nmid_Im,Pc_G,nc_G,nmid_G
17.0,pz_17,H,results_prod_neutral/pz_17/H/ions_dipole_H_pz_17_H_11_sigma_-20_C_0.01_Cz_0.1_20260216_125433,/home/fluffymelon/AntiDLVO/results_prod_neutral/pz_17/H/ions_dipole_H_pz_17_H_11_sigma_-20_C_0.01_Cz_0.1_20260216_125433,20000,11.0,-20.0,0.01,0.1,11.0,-19.386337223,20000,27.209352052071512,16.393415289087663,0.7133127706914703,9.388835492245331,0.04856300931147572,7.0045797968423305,0.7268221242834458,0.43888661209363156,0.004273718456873655,0.4646394056163565,0.006453349229139293,6.565693184748698,0.726889357106297,16.41864007508608,3.990594824735448,0.02800694444444445,0.0,0.0,0.007920751633986927,-0.003486435497354279,-0.0008473875661375686,0.07809722222222223,-0.0217383505010645,-0.005283564814814811,0.07619417211328976,0.0,0.0,0.07700416666666662
17.0,pz_17,H,results_prod_neutral/pz_17/H/ions_dipole_H_pz_17_H_3_sigma_-20_C_0.01_Cz_0.1_20260216_143617,/home/fluffymelon/AntiDLVO/results_prod_neutral/pz_17/H/ions_dipole_H_pz_17_H_3_sigma_-20_C_0.01_Cz_0.1_20260216_143617,20000,3.0,-20.0,0.01,0.1,3.0,-19.386337223,20000,27.209352052071512,29.31189011376087,1.088022382056073,14.984808811802457,0.04810389295444493,14.327081301958419,1.1036360099872218,1.3187780997239205,0.015266655941769585,2.227595569345491,0.009131757130320956,13.008303202234496,1.102097518936543,29.141150013604104,7.082835234788358,0.37442777777777775,0.0,0.0,0.02016339869281046,0.15064972819079916,0.03661582341269839,0.13414861111111115,0.02009037196597364,0.00488301917989418,0.15808823529411767,0.0,0.0,0.14683194444444442
17.0,pz_17,H,results_prod_neutral/pz_17/H/ions_dipole_H_pz_17_H_5_sigma_-20_C_0.01_Cz_0.1_20260216_125433,/home/fluffymelon/AntiDLVO/results_prod_neutral/pz_17/H/ions_dipole_H_pz_17_H_5_sigma_-20_C_0.01_Cz_0.1_20260216_125433,20000,5.0,-20.0,0.01,0.1,5.0,-19.386337223,20000,27.209352052071512,24.245631643538402,1.0973896344500955,14.436306056620236,0.03507797229442332,9.809325586918167,1.1182299302666199,0.7612876798789407,0.007046718192021031,0.9503852775631663,0.00637980545366752,9.048037907039223,1.116246304617245,24.16613070999727,5.873643353174601,0.11199444444444444,0.0,0.0,0.014481209150326798,0.05575745745402908,0.013552000661375657,0.1028138888888889,0.023743476087103862,0.005770916005291003,0.10558278867102396,0.0,0.0,0.10451805555555556
17.0,pz_17,H,results_prod_neutral/pz_17/H/ions_dipole_H_pz_17_H_7_sigma_-20_C_0.01_Cz_0.1_20260216_125433,/home/fluffymelon/AntiDLVO/results_prod_neutral/pz_17/H/ions_dipole_H_pz_17_H_7_sigma_-20_C_0.01_Cz_0.1_20260216_125433,20000,7.0,-20.0,0.01,0.1,7.0,-19.386337223,20000,27.209352052071512,22.389939785016388,0.4807479926804132,12.344925137713362,0.06719538610871789,10.045014647303022,0.5012438071551851,0.5560450419429264,0.0055679648226744744,0.6354481340299782,0.004653373987910577,9.488969605360095,0.49977422949787903,22.296198888343863,5.419151372354497,0.058799999999999984,0.0,0.0,0.010755718954248365,0.07616245896488594,0.018511491402116397,0.08636388888888888,0.017578437707635945,0.00427248677248677,0.08518654684095858,0.0,0.0,0.08489166666666666
17.0,pz_17,H,results_prod_neutral/pz_17/H/ions_dipole_H_pz_17_H_9_sigma_-20_C_0.01_Cz_0.1_20260216_125433,/home/fluffymelon/AntiDLVO/results_prod_neutral/pz_17/H/ions_dipole_H_pz_17_H_9_sigma_-20_C_0.01_Cz_0.1_20260216_125433,20000,9.0,-20.0,0.01,0.1,9.0,-19.386337223,20000,27.209352052071512,22.12046213087429,1.2300592373173662,10.624131018134943,0.07505441577966841,11.496331112739346,1.2689136829774765,0.4789401621325656,0.006269396329235566,0.5223014832745582,0.005029540031571487,11.017390950606785,1.2633200440440726,22.045973160948137,5.358333333333332,0.039083333333333324,0.0,0.0,0.009119008714596949,0.07316582513740387,0.01778315145502645,0.07947361111111109,0.0013231447887519885,0.00032159391534391027,0.07741013071895426,0.0,0.0,0.07874444444444445
17.0,pz_17,sigma,results_prod_neutral/pz_17/sigma/ions_dipole_sigma_pz_17_H_3_sigma_-10_C_0.01_Cz_0.1_20260216_125433,/home/fluffymelon/AntiDLVO/results_prod_neutral/pz_17/sigma/ions_dipole_sigma_pz_17_H_3_sigma_-10_C_0.01_Cz_0.1_20260216_125433,20000,3.0,-10.0,0.01,0.1,3.0,-10.253930431999999,20000,7.612151219539987,9.28067700572649,0.3625559691264195,4.68720385982934,0.027274487682958735,4.59347314589715,0.3865680483091817,0.9385158427767639,0.0020812458997871213,1.5181239330399934,0.007510266109465273,3.654957303120385,0.38769434443546763,8.895711600909602,2.16212673611111,0.25095833333333334,0.00708001510999308,0.0017208167989417986,0.015793845315904144,0.2611527264545034,0.06347387566137566,0.09604166666666666,0.1167326632523913,0.02837218915343915,0.10564133986928104,0.0,0.0,0.10223194444444446
17.0,pz_17,sigma,results_prod_neutral/pz_17/sigma/ions_dipole_sigma_pz_17_H_3_sigma_-15_C_0.01_Cz_0.1_20260216_125433,/home/fluffymelon/AntiDLVO/results_prod_neutral/pz_17/sigma/ions_dipole_sigma_pz_17_H_3_sigma_-15_C_0.01_Cz_0.1_20260216_125433,20000,3.0,-15.0,0.01,0.1,3.0,-14.459644085749998,20000,15.137072129542098,18.082118792188115,0.3325003280741516,8.771404826425748,0.028269307510755032,9.310713965762368,0.33087065277282257,1.085048882941083,0.011790515525474986,1.8257872656701306,0.006359568773286973,8.225665082821283,0.3343231097262221,17.681935521600337,4.297642195767194,0.30843055555555554,-0.0004149708591972889,-0.00010085978835978847,0.017220860566448802,0.3042416678013169,0.07394675925925924,0.10785277777777777,0.09635657364565887,0.023419725529100523,0.12644744008714598,0.0,0.0,0.1181111111111111
17.0,pz_17,sigma,results_prod_neutral/pz_17/sigma/ions_dipole_sigma_pz_17_H_3_sigma_-20_C_0.01_Cz_0.1_20260216_133324,/home/fluffymelon/AntiDLVO/results_prod_neutral/pz_17/sigma/ions_dipole_sigma_pz_17_H_3_sigma_-20_C_0.01_Cz_0.1_20260216_133324,20000,3.0,-20.0,0.01,0.1,3.0,-19.386337223,20000,27.209352052071512,29.1035934501465,0.4657857031358923,14.958978084672594,0.049507529600728226,14.144615365473907,0.46713164988860467,1.2677510484221426,0.016956119440893994,2.1807553554578964,0.016947647199655316,12.876864317051764,0.4693699160109581,28.806248121828975,7.001436425264548,0.3717875,0.0,0.0,0.019325980392156862,0.2602411511244634,0.06325231481481479,0.12726249999999997,0.03710417719306246,0.0090182705026455,0.14855528322440092,0.0,0.0,0.13892500000000002
17.0,pz_17,sigma,results_prod_neutral/pz_17/sigma/ions_dipole_sigma_pz_17_H_3_sigma_-5_C_0.01_Cz_0.1_20260216_125433,/home/fluffymelon/AntiDLVO/results_prod_neutral/pz_17/sigma/ions_dipole_sigma_pz_17_H_3_sigma_-5_C_0.01_Cz_0.1_20260216_125433,20000,3.0,-5.0,0.01,0.1,3.0,-4.84658430575,20000,1.7005845032544695,2.9820146081965664,0.09263922999076629,1.1711065512916452,0.0036937655105520237,1.8109080569049207,0.09336454458238243,0.7070957717985944,0.0028906101883230755,1.0753160442848153,0.0062737458240434245,1.1038122851063263,0.09265067477683901,2.547995906282025,0.6192972883597881,0.16492500000000002,0.008460983706993894,0.0020564649470899464,0.01145152505446623,0.25495367407018316,0.06196717923280422,0.08228472222222223,0.17060404413736385,0.04146577380952379,0.08699210239651417,0.0,0.0,0.08498194444444443
17.0,pz_17,sigma,results_prod_neutral/pz_17/sigma/ions_dipole_sigma_pz_17_H_3_sigma_0_C_0.01_Cz_0.1_20260216_163305,/home/fluffymelon/AntiDLVO/results_prod_neutral/pz_17/sigma/ions_dipole_sigma_pz_17_H_3_sigma_0_C_0.01_Cz_0.1_20260216_163305,20000,3.0,0.0,0.01,0.1,3.0,0.0,20000,0.0,0.45279273189273306,0.01244189087660653,0.0,0.0,0.45279273189273306,0.01244189087660653,0.3989535353141032,0.001479760070552282,0.39896614144967957,0.0014767901910285215,0.05383919657862986,0.012554005368820025,0.03230650180865447,0.007852182539682537,0.007251388888888886,0.03504803059974475,0.008518518518518517,0.007482298474945531,0.17292379926828644,0.04202959656084655,0.08283333333333334,0.21251440021604737,0.05165219907407405,0.08197848583877998,0.0,0.0,0.08223611111111111
17.0,pz_17,C,results_prod_neutral/pz_17/C/ions_dipole_C_pz_17_H_3_sigma_-20_C_0.01_Cz_0.1_20260216_194123,/home/fluffymelon/AntiDLVO/results_prod_neutral/pz_17/C/ions_dipole_C_pz_17_H_3_sigma_-20_C_0.01_Cz_0.1_20260216_194123,20000,3.0,-20.0,0.01,0.1,3.0,-19.386337223,20000,27.209352052071512,31.067892026161722,0.7831351444807546,14.952100312013144,0.059178493524657094,16.115791714148582,0.8324157977152006,1.342857500841943,0.01753770382640827,2.2476977661802104,0.003652277179160845,14.772934213306637,0.8214961959540591,30.70395237844425,7.462678571428571,0.3782236111111111,-0.0004200729599251241,-0.00010209986772486776,0.021354847494553374,0.33400902414775185,0.0811817956349206,0.13150555555555557,0.03035069652965084,0.0073768187830687785,0.15584831154684098,0.0,0.0,0.14673055555555553
17.0,pz_17,C,results_prod_neutral/pz_17/C/ions_dipole_C_pz_17_H_3_sigma_-20_C_0.04_Cz_0.1_20260217_014527,/home/fluffymelon/AntiDLVO/results_prod_neutral/pz_17/C/ions_dipole_C_pz_17_H_3_sigma_-20_C_0.04_Cz_0.1_20260217_014527,19981,3.0,-20.0,0.04,0.1,3.0,-19.386337223,19981,27.209352052071512,30.851396241735706,1.180772651663367,14.85710837154583,0.05776217710656574,15.994287870189876,1.2267496058925205,2.0206229970023077,0.013804826375980796,2.5212998036551943,0.009717269730444343,13.973664873187568,1.2277047490327224,30.556238233909497,7.426776249553868,0.3918721063205069,-0.003651403420887619,-0.0008874834656084664,0.07690565903381907,0.24074131479391425,0.05851282691642564,0.13143953793849483,0.05806809645319223,0.014113607712247317,0.15117823941506753,0.0,0.0,0.14403096314325453
17.0,pz_17,C,results_prod_neutral/pz_17/C/ions_dipole_C_pz_17_H_3_sigma_-20_C_0_Cz_0.1_20260216_190335,/home/fluffymelon/AntiDLVO/results_prod_neutral/pz_17/C/ions_dipole_C_pz_17_H_3_sigma_-20_C_0_Cz_0.1_20260216_190335,20000,3.0,-20.0,0.0,0.1,3.0,-19.386337223,20000,27.209352052071512,31.08202654587807,0.6973732584798645,15.033472879109405,0.009763033044687933,16.048553666768658,0.6965382378759216,0.5947955558260162,0.012400404332114458,2.1510195440997264,0.026050681588276576,15.45375811094264,0.6908985622986754,31.000350416726633,7.534718915343913,0.3782444444444445,,,,0.08773572411585946,0.021324404761904753,0.12746388888888888,-0.0060595949644259885,-0.001472800925925928,0.1569212962962963,0.0,0.0,0.14456666666666668
17.0,pz_17,Cz,results_prod_neutral/pz_17/Cz/ions_dipole_Cz_pz_17_H_3_sigma_-20_C_0.01_Cz_0.1_20260217_022827,/home/fluffymelon/AntiDLVO/results_prod_neutral/pz_17/Cz/ions_dipole_Cz_pz_17_H_3_sigma_-20_C_0.01_Cz_0.1_20260217_022827,19176,3.0,-20.0,0.01,0.1,3.0,-19.386337223,19176,27.209352052071512,27.912979866164857,1.82668081327227,15.058090899633248,0.05254764924105907,12.85488896653161,1.8446763233206445,1.3333820504196445,0.016665127782036663,2.2521207598370907,0.00390993528027509,11.521506916111964,1.8494468105683393,27.655399629569164,6.721719590236572,0.3760818332994821,0.0,0.0,0.019833947551127013,0.2503824766209977,0.06085613734382075,0.1374304018144274,0.00719775997469276,0.0017494350063914348,0.16180114369128717,0.0,0.0,0.15146825386750618
17.0,pz_17,Cz,results_prod_neutral/pz_17/Cz/ions_dipole_Cz_pz_17_H_3_sigma_-20_C_0.01_Cz_0_20260217_014128,/home/fluffymelon/AntiDLVO/results_prod_neutral/pz_17/Cz/ions_dipole_Cz_pz_17_H_3_sigma_-20_C_0.01_Cz_0_20260217_014128,20000,3.0,-20.0,0.01,0.0,3.0,-19.386337223,20000,27.209352052071512,29.88309750144594,0.3729423695646193,15.325610201440536,0.05274794887192544,14.557487300005402,0.3946460692525437,0.7435580988660808,0.015587626409648328,1.7485578994191637,0.008100728728335444,13.813929201139322,0.38133983891840134,29.883097501445942,7.263167576058199,0.4047861111111112,0.0,0.0,0.02020561002178649,,,,,,,,,
27.6,pz_27p6,H,results_prod_neutral/pz_27p6/H/ions_dipole_H_pz_27p6_H_11_sigma_-20_C_0.01_Cz_0.1_20260216_125816,/home/fluffymelon/AntiDLVO/results_prod_neutral/pz_27p6/H/ions_dipole_H_pz_27p6_H_11_sigma_-20_C_0.01_Cz_0.1_20260216_125816,20000,11.0,-20.0,0.01,0.1,11.0,-19.386337223,20000,27.209352052071512,18.31108916795168,0.43307840613909476,9.311681650765122,0.03198405261512995,8.999407517186556,0.41965404318753163,0.44173655233515313,0.00699577135900295,0.47365788686617394,0.007322827225875715,8.557670964851404,0.41448512064886717,18.293510730244044,4.446287202380952,0.031865277777777784,0.0,0.0,0.008252995642701525,0.01757843770763594,0.004272486772486768,0.07686944444444443,0.0,0.0,0.07301742919389978,0.0,0.0,0.07500555555555558
27.6,pz_27p6,H,results_prod_neutral/pz_27p6/H/ions_dipole_H_pz_27p6_H_5_sigma_-20_C_0.01_Cz_0.1_20260216_125816,/home/fluffymelon/AntiDLVO/results_prod_neutral/pz_27p6/H/ions_dipole_H_pz_27p6_H_5_sigma_-20_C_0.01_Cz_0.1_20260216_125816,20000,5.0,-20.0,0.01,0.1,5.0,-19.386337223,20000,27.209352052071512,25.346275520249755,0.7437981133398025,14.219978056934053,0.07817865214628905,11.1262974633157,0.7115193823835104,0.7551219336553504,0.007971089488929932,0.9427615465847863,0.00899192735804508,10.37117552966035,0.7103637821581944,25.073541025143058,6.094191881613755,0.11379722222222219,0.0,0.0,0.015324074074074073,0.2805951316280419,0.06819940476190475,0.09656944444444444,-0.00786063652135192,-0.001910548941798943,0.10397194989106753,0.0,0.0,0.10001944444444444
27.6,pz_27p6,H,results_prod_neutral/pz_27p6/H/ions_dipole_H_pz_27p6_H_7_sigma_-20_C_0.01_Cz_0.1_20260216_125816,/home/fluffymelon/AntiDLVO/results_prod_neutral/pz_27p6/H/ions_dipole_H_pz_27p6_H_7_sigma_-20_C_0.01_Cz_0.1_20260216_125816,20000,7.0,-20.0,0.01,0.1,7.0,-19.386337223,20000,27.209352052071512,22.388172757464307,0.2666326785619768,12.32155869567469,0.040510184081576986,10.06661406178962,0.3063801883992088,0.5803372214210765,0.0031265543456639637,0.6666160070220852,0.0040035939829876485,9.486276840368543,0.30544844620818506,22.312637856888944,5.423146908068782,0.062181944444444436,0.0,0.0,0.010942265795206973,0.08323226987342332,0.020229828042328035,0.08869583333333333,-0.007697369298061184,-0.0018708664021164037,0.08805691721132897,0.0,0.0,0.08889861111111111
27.6,pz_27p6,H,results_prod_neutral/pz_27p6/H/ions_dipole_H_pz_27p6_H_9_sigma_-20_C_0.01_Cz_0.1_20260216_125816,/home/fluffymelon/AntiDLVO/results_prod_neutral/pz_27p6/H/ions_dipole_H_pz_27p6_H_9_sigma_-20_C_0.01_Cz_0.1_20260216_125816,20000,9.0,-20.0,0.01,0.1,9.0,-19.386337223,20000,27.209352052071512,20.103584706158493,0.8497892794089656,10.67198492641881,0.02388962297603028,9.431599779739681,0.8359500436753458,0.4811855459105624,0.007199381405792198,0.5236414429866502,0.007935483435925544,8.950414233829116,0.8379344087422668,20.075970436319203,4.879518849206348,0.03933194444444445,0.0,0.0,0.00943218954248366,0.03087281150413269,0.007503720238095236,0.08041527777777778,-0.0032585416648442792,-0.0007919973544973539,0.07671160130718954,0.0,0.0,0.07850833333333335
27.6,pz_27p6,sigma,results_prod_neutral/pz_27p6/sigma/ions_dipole_sigma_pz_27p6_H_3_sigma_-10_C_0.01_Cz_0.1_20260216_125816,/home/fluffymelon/AntiDLVO/results_prod_neutral/pz_27p6/sigma/ions_dipole_sigma_pz_27p6_H_3_sigma_-10_C_0.01_Cz_0.1_20260216_125816,20000,3.0,-10.0,0.01,0.1,3.0,-10.253930431999999,20000,7.612151219539987,9.019146723818126,0.2296642741666973,4.64926154255463,0.01095256406145527,4.369885181263497,0.22715465914814292,0.9306958563665562,0.006261746028520145,1.5119565777065478,0.0034268596115954414,3.4391893248969403,0.23141532510728063,8.571621060576764,2.083355654761904,0.2501888888888889,0.003852086049515812,0.0009362599206349201,0.015465686274509805,0.34127781698467474,0.08294849537037034,0.08393472222222222,0.10239576020717353,0.024887566137566132,0.11400462962962965,0.0,0.0,0.10183055555555554
27.6,pz_27p6,sigma,results_prod_neutral/pz_27p6/sigma/ions_dipole_sigma_pz_27p6_H_3_sigma_-15_C_0.01_Cz_0.1_20260216_125825,/home/fluffymelon/AntiDLVO/results_prod_neutral/pz_27p6/sigma/ions_dipole_sigma_pz_27p6_H_3_sigma_-15_C_0.01_Cz_0.1_20260216_125825,20000,3.0,-15.0,0.01,0.1,3.0,-14.459644085749998,20000,15.137072129542098,16.469065837279523,0.4723812790447455,8.659168342520697,0.02498636427432133,7.809897494758824,0.49164848521884447,1.0877643996518396,0.021249495926584285,1.8265579189772438,0.01881663029446148,6.722133095106985,0.5071123363848079,16.183195133498902,3.9333692956349195,0.3120708333333333,-0.0004608897657478091,-0.00011202050264550287,0.01820261437908497,0.24266441411707,0.05898024140211637,0.08937500000000001,0.04366717942930154,0.010613425925925925,0.12952614379084965,0.0,0.0,0.1136763888888889
27.6,pz_27p6,sigma,results_prod_neutral/pz_27p6/sigma/ions_dipole_sigma_pz_27p6_H_3_sigma_-5_C_0.01_Cz_0.1_20260216_125815,/home/fluffymelon/AntiDLVO/results_prod_neutral/pz_27p6/sigma/ions_dipole_sigma_pz_27p6_H_3_sigma_-5_C_0.01_Cz_0.1_20260216_125815,20000,3.0,-5.0,0.01,0.1,3.0,-4.84658430575,20000,1.7005845032544695,3.122009449367402,0.06923001739946151,1.1505561746198771,0.0057916721557797245,1.971453274747525,0.07091485540130653,0.7090650303185508,0.004114524606748382,1.0810559436184588,0.0032890172076336416,1.262388244428974,0.07020887163310575,2.6482742946871474,0.6436702215608464,0.1650236111111111,0.018263819905408527,0.004439070767195767,0.011141067538126364,0.2951548264050418,0.07173817791005288,0.078175,0.16031650836980488,0.03896536044973544,0.09436410675381263,0.0,0.0,0.0865888888888889
27.6,pz_27p6,sigma,results_prod_neutral/pz_27p6/sigma/ions_dipole_sigma_pz_27p6_H_3_sigma_0_C_0.01_Cz_0.1_20260216_163324,/home/fluffymelon/AntiDLVO/results_prod_neutral/pz_27p6/sigma/ions_dipole_sigma_pz_27p6_H_3_sigma_0_C_0.01_Cz_0.1_20260216_163324,20000,3.0,0.0,0.01,0.1,3.0,0.0,20000,0.0,0.4892353366914195,0.014227173445709767,0.0,0.0,0.4892353366914195,0.014227173445709767,0.4088492733249779,0.0010058126166434434,0.4088663137250383,0.001005415552037056,0.08038606336644163,0.014758487088346836,0.0339629838449584,0.008254794973544971,0.007329166666666666,0.04021815933728473,0.009775132275132273,0.007377450980392155,0.19102605265064682,0.046429398148148136,0.08540555555555554,0.22402814085852954,0.05445064484126984,0.08467728758169936,0.0,0.0,0.08466944444444444
27.6,pz_27p6,C,results_prod_neutral/pz_27p6/C/ions_dipole_C_pz_27p6_H_3_sigma_-20_C_0_Cz_0.1_20260217_033552,/home/fluffymelon/AntiDLVO/results_prod_neutral/pz_27p6/C/ions_dipole_C_pz_27p6_H_3_sigma_-20_C_0_Cz_0.1_20260217_033552,18514,3.0,-20.0,0.0,0.1,3.0,-19.386337223,18514,27.209352052071512,30.212037707693575,1.038222931438393,15.072682096994356,0.05805590865407899,15.139355610699218,1.0678876540765183,0.6239584658103696,0.008832812374179643,2.160662083403609,0.017906989942009125,14.515397144888848,1.0600775599459686,30.08673711683887,7.312662734706038,0.373499965616834,,,,0.11186523202542338,0.02718914684449858,0.11702360060514375,0.013435358829275582,0.0032655002586923906,0.16824603155340895,0.0,0.0,0.15165479072112958
27.6,pz_27p6,Cz,results_prod_neutral/pz_27p6/Cz/ions_dipole_Cz_pz_27p6_H_3_sigma_-20_C_0.01_Cz_0_20260217_030915,/home/fluffymelon/AntiDLVO/results_prod_neutral/pz_27p6/Cz/ions_dipole_Cz_pz_27p6_H_3_sigma_-20_C_0.01_Cz_0_20260217_030915,20000,3.0,-20.0,0.01,0.0,3.0,-19.386337223,20000,27.209352052071512,29.560739974660322,1.4319368215300154,15.295897433600064,0.05556602256146802,14.264842541060261,1.4801638553440375,0.7626482252699416,0.01115084113878476,1.7597381987712553,0.012467742758454695,13.50219431579032,1.4850636941433055,29.55950696698443,7.18451802248677,0.4065680555555556,0.0012330076758935826,0.00029968584656084654,0.021141067538126362,,,,,,,,,
