tag,pz,sweep,H,sigma,C,Cz,N,neutral,rms_worst_large,f01_worst_large,rms_worst_small,err_total_kT,err_per_atom_kT,verdict_sampling,dEref_Cl_large,dEref_Cl_small,dEref_Na_bulk_large,dEref_Na_bulk_small,dEref_Na_wall_large,dEref_Na_wall_small,dEref_dipole_large,dEref_dipole_small,dacc_Cl_large,dacc_Cl_small,dacc_Na_bulk_large,dacc_Na_bulk_small,dacc_Na_wall_large,dacc_Na_wall_small,dacc_dipole_large,dacc_dipole_small,err_real_kT,err_recip_kT,err_slab_kT,f01_Cl_large,f01_Cl_small,f01_Na_bulk_large,f01_Na_bulk_small,f01_Na_wall_large,f01_Na_wall_small,f01_dipole_large,f01_dipole_small,fd_err_as_coded,fd_err_if_flipped,max_Cl_large,max_Cl_small,max_Na_bulk_large,max_Na_bulk_small,max_Na_wall_large,max_Na_wall_small,max_dipole_large,max_dipole_small,n_frames_used,prod_total_kT,ref_n_k,ref_recip_kT,ref_selfcheck_max_kT,ref_slab_kT,ref_total_no_self_kT,ref_z_scale,rms_Cl_large,rms_Cl_small,rms_Na_bulk_large,rms_Na_bulk_small,rms_Na_wall_large,rms_Na_wall_small,rms_dipole_large,rms_dipole_small,rmsnoslab_Cl_large,rmsnoslab_Cl_small,rmsnoslab_Na_bulk_large,rmsnoslab_Na_bulk_small,rmsnoslab_Na_wall_large,rmsnoslab_Na_wall_small,rmsnoslab_dipole_large,rmsnoslab_dipole_small,run,slabdelta_Cl_large,slabdelta_Cl_small,slabdelta_Na_bulk_large,slabdelta_Na_bulk_small,slabdelta_Na_wall_large,slabdelta_Na_wall_small,slabdelta_dipole_large,slabdelta_dipole_small,wall_err_frac,wall_err_frac_fixed,wall_ideal,wall_log_equals_recompute,wall_logged,wall_prod,wall_prod_real_sign_flipped,wall_ref,wall_sigma_eff_e_per_nm2
results_prod_neutral__pz_17__C__ions_dipole_C_pz_17_H_3_sigma_-20_C_0.04_Cz_0.1_20260217_014527,17.0,C,3.0,-20.0,0.04,0.1,2208,True,0.19136720981363928,0.19366804692891648,0.026803967264731065,877.114741676358,0.39724399532443755,godится s ogovorkami,0.7755642082877907,0.09814874177570053,1.7618763017096442,0.2769580897820811,2.5500634666194952,0.34223029479825423,0.8812712609731032,0.10601061809036606,0.043423821022212226,0.010407157976826915,0.03700261188574556,0.00845618799277971,0.01690020452157566,0.00833359718894166,0.02916390660802042,0.009112315433940553,-112.30495947178362,989.3986521777782,0.02104897036348895,0.19366804692891648,0.0,0.09666259666259665,0.0,0.027313266443701228,0.0,0.05060386473429951,0.0,0.5374797781144764,3.381677691153009e-08,0.38254366265332673,0.07660066007966858,0.5085667075141349,0.08112743600768743,0.32486638716935773,0.09688936017526682,0.21253004836058417,0.07617535841012292,3,1209.4653090615802,28485,428.9291799424072,1.167865268108333e-08,0.0049526989090562246,332.35056738522235,21.0,0.14992591846688075,0.026803967264731065,0.19136720981363928,0.026580554147670608,0.14838819516490687,0.026429293698227014,0.10431036757979299,0.02414059505452283,0.149976381403431,0.026795595305236234,0.19139187954540518,0.026565604846476087,0.14833867991069152,0.02642488992956556,0.10430150168337966,0.024136849649757167,results_prod_neutral/pz_17/C/ions_dipole_C_pz_17_H_3_sigma_-20_C_0.04_Cz_0.1_20260217_014527,0.000738866388902661,9.523994259228305e-05,0.0008533468678822671,8.63675034775723e-05,0.0010571785326394846,8.290788334788515e-05,0.0004559840185031534,5.8558758807868344e-05,-0.4525294906243728,8.393737219534213e-05,16.385854610660825,True,9.036638666666667,9.036638667416552,16.50755067962773,16.506165195496198,1.21
results_prod__pz_17__Cz__ions_dipole_Cz_pz_17_H_3_sigma_-20_C_0.01_Cz_0.7_20251124_154702,17.0,Cz,3.0,-20.0,0.01,0.7,2497,False,0.6273018634995396,0.7289915966386555,0.08716562636976648,-44182.34905398338,-17.69417262874785,pereschityvat,0.2738007248571715,0.041950048519918993,0.3644480902372094,0.05764642544088516,0.23999790858317774,0.04982633551912766,0.18751424505807412,0.04350440099426021,0.15882284851707096,0.02493347816529658,0.13132211157171061,0.029825685061218684,0.28944992965343214,0.041095113135152864,0.10375561984483778,0.020321679855787946,-1052.3233887334834,-41546.276071137545,-1583.7495941123536,0.49382716049382713,0.05019545131485429,0.4323565323565324,0.06614436855497523,0.7289915966386555,0.10740051465857918,0.3808143547273983,0.009433962264150943,1.7885684334524206,1.0653024524196512e-07,1.0847204748867378,0.14707016988100324,1.044002625543664,0.1671440378433261,1.1174278014165122,0.17853877992001252,0.712062634859099,0.14424556225573823,3,1488.7368132600998,28485,45365.853600848175,27775.887108997864,-372.6469633205538,45671.08586724348,21.0,0.4766752496769319,0.06396841252046503,0.4472038652391166,0.07534245170402983,0.6273018634995396,0.08716562636976648,0.2976175405656507,0.050218424954395185,0.4004923430001995,0.05167467541351326,0.36919190264351326,0.0599848505231377,0.5085136284781375,0.06896069121348723,0.2458957783415303,0.04176491416157798,results_prod/pz_17/Cz/ions_dipole_Cz_pz_17_H_3_sigma_-20_C_0.01_Cz_0.7_20251124_154702,0.07819223751112718,0.012995514634385611,0.08047655848650452,0.015807008715455925,0.12072611461555573,0.018776908605147958,0.054639048534497324,0.009221212309588835,0.018418421705216216,-0.006934997532945556,16.385854610660825,False,-16.657606666666666,-16.65760523094723,-16.24291590490689,-16.35634713191472,1.21
results_prod_neutral__pz_17__Cz__ions_dipole_Cz_pz_17_H_3_sigma_-20_C_0.01_Cz_0_20260217_014128,17.0,Cz,3.0,-20.0,0.01,0.0,1950,True,0.14472421911749891,0.12667887667887667,0.024499176930189562,799.9783397955325,0.4102453024592474,godится s ogovorkami,1.0275241651199023,0.10830976499146472,2.0451548848872645,0.2987888308058287,2.536559247047596,0.3507168098504554,,,0.0367779825601998,0.009368248295981768,0.029609015718927652,0.007411121056731164,0.01894088736279916,0.007207857280643705,,,-216.6034531430502,1016.4824813593283,0.09931157925423972,0.12667887667887667,0.0,0.0872628726287263,0.0,0.037315887315887315,0.0,,,0.4688497937883993,3.163026428287153e-08,0.31894463354373453,0.06899005613577648,0.3074797351750785,0.07373837884408597,0.3169108369238392,0.07804223957679157,,,3,1314.7562385118981,28485,445.38409092273963,1.1234198884738692e-08,0.02336743041276228,514.7778987163656,21.0,0.12582198430411562,0.02344309097020697,0.14472421911749891,0.024244421957606965,0.13404237112449358,0.024499176930189562,,,0.12573453646031751,0.023424141750019417,0.14463936762055773,0.024202088970870544,0.13382085619586856,0.024534947075040992,,,results_prod_neutral/pz_17/Cz/ions_dipole_Cz_pz_17_H_3_sigma_-20_C_0.01_Cz_0_20260217_014128,0.0010077234192991215,0.0001460812792844938,0.0015522369345338039,0.00013405301460791777,0.00157234188835635,0.00015297503846811315,,,-0.4437373028908307,0.0003633191606665927,16.385854610660825,True,9.220588666666666,9.220588265929969,16.58198245227534,16.57596008836879,1.21
results_prod_neutral__pz_17__H__ions_dipole_H_pz_17_H_5_sigma_-20_C_0.01_Cz_0.1_20260216_125433,17.0,H,5.0,-20.0,0.01,0.1,2320,True,0.24705409736160536,0.11334429698135573,0.05203973623685426,726.379511873688,0.3130946171869345,godится s ogovorkami,0.6052291621214106,0.0770116892213736,1.6666436299023883,0.2845385084471989,2.8880923888940693,0.3523981634840079,0.46912872774500386,0.08398752622065353,0.03402271437694389,0.009421704254211509,0.038018938535432756,0.01395583441410622,0.019386135955952014,0.01768286306653872,0.030426716539831394,0.008154448441917731,-25.560336426588634,751.8873519361364,0.05249636414037471,0.11296931271699985,0.0,0.11334429698135573,0.0026246719160104987,0.017094017094017092,0.0,0.07705000742975428,0.0,0.5982230435768624,5.7718363043210043e-08,0.3841437602595455,0.08493199649912157,0.5291369663395429,0.13549957831804602,0.55111047279831,0.13194153803676165,0.3235778240474771,0.0820608025662974,3,1281.199713686812,29398,763.4442489394414,1.0730944950055577e-08,0.023331717395722096,554.8202018131238,13.0,0.13668507971917576,0.026689447506428737,0.19579211370302144,0.04363149512817548,0.24705409736160536,0.05203973623685426,0.10141480622417041,0.02264422933468571,0.136935470042212,0.026719968758696148,0.19615584886629114,0.043759181661843206,0.24587354170038322,0.05187528491019561,0.10138336667056218,0.0226409857410651,results_prod_neutral/pz_17/H/ions_dipole_H_pz_17_H_5_sigma_-20_C_0.01_Cz_0.1_20260216_125433,0.0019218197870229652,0.00022331248085334315,0.00204490986494807,0.00020910606855717144,0.0024743588725085375,0.0001964513503973286,0.001195632932288443,0.00014028237676283773,-0.4704666084796105,-0.061594128852725145,16.385854610660825,True,8.728567333333332,8.728567420508819,15.46821984274227,16.483507103201685,1.21
results_prod_neutral__pz_17__H__ions_dipole_H_pz_17_H_7_sigma_-20_C_0.01_Cz_0.1_20260216_125433,17.0,H,7.0,-20.0,0.01,0.1,2472,True,0.5019996300830898,0.21732432103276092,0.08510927857987037,560.2912021256201,0.22665501704110846,pereschityvat,0.3589927620071652,0.04724746049788938,1.8778182984587926,0.2895855193666582,3.0718313819208554,0.37513705891397287,0.3505138215135366,0.06827282626046614,0.057464381315575935,0.009151714885715105,0.049764999086539724,0.018568503494298904,0.028554319422538554,0.027671842846611224,0.041753156227778865,0.008507491744947105,1.3889544416123536,558.8057665096775,0.09648117433020581,0.21732432103276092,0.0045045045045045045,0.15139690817656923,0.005249343832020997,0.06167706167706168,0.009114129803784976,0.13037579704246371,0.0,0.34563840276251206,2.0606462273378538e-08,0.4839672556757875,0.10928258616470811,0.8671438834845392,0.1840947686380844,0.9612490278086766,0.1974361304681361,0.35514789704172633,0.12700336502277532,3,1178.1782305781605,30324,881.2058987764908,1.141085166086287e-08,0.06926853541655802,617.8870284525404,9.571428571428571,0.15806359000898854,0.027858915276906676,0.37159605669302653,0.06703436084667773,0.5019996300830898,0.08510927857987037,0.1259010638241899,0.027555488941589074,0.1577233832609393,0.027830737844560787,0.37232268042253197,0.06721294402378145,0.4997551601279178,0.08487244537234244,0.12566931856908928,0.027538398071419987,results_prod_neutral/pz_17/H/ions_dipole_H_pz_17_H_7_sigma_-20_C_0.01_Cz_0.1_20260216_125433,0.002731720066731129,0.000307022548491087,0.0028838129496679688,0.0002935439860541678,0.0031432461918673112,0.00028439072299858226,0.001477904945705367,0.0001904897604355862,-0.541776425105761,-0.1521292749881328,16.385854610660825,True,7.572510333333334,7.572510378555613,14.011740592586776,16.52579830774398,1.21
results_prod_neutral__pz_17__H__ions_dipole_H_pz_17_H_9_sigma_-20_C_0.01_Cz_0.1_20260216_125433,17.0,H,9.0,-20.0,0.01,0.1,2626,True,0.6178567058650565,0.3103783760476054,0.11189478039478006,396.97859145885394,0.15117235013665423,pereschityvat,0.36767329647190755,0.04146147871065886,1.7901469324148875,0.29079940074114474,2.629262861201912,0.37185198261238317,0.31744942020500994,0.049958515020539,0.07688660327317205,0.010628363927631357,0.059986459218146236,0.027399038124470768,0.05309041290891777,0.039127473236017125,0.0600321979612306,0.008928416998675527,2.6094930566606234,394.3411514106421,0.027946991551301818,0.3103783760476054,0.00684931506849315,0.2565839947089947,0.094204711277882,0.1758880122507407,0.1321695855819163,0.24457713164878273,0.0,0.17440153144545492,1.7083888884816907e-08,0.6631107353973529,0.09217578788558589,1.3895027909315816,0.26699652739299107,1.3265335731483765,0.25890788197892417,0.7433410526881804,0.08846803765736062,3,1059.40074750587,31182,951.7243584427825,1.641072171507054e-08,0.030487627146874707,662.422156047016,7.666666666666667,0.2256172345645263,0.030841815067294432,0.46553064336224587,0.0947044359973777,0.6178567058650565,0.11189478039478006,0.1832793970748078,0.02498771093584809,0.22578466947484876,0.030842632074692927,0.46549774895524126,0.09471936257413682,0.617615019715818,0.11187487109578069,0.18326875118387578,0.024990332158589007,results_prod_neutral/pz_17/H/ions_dipole_H_pz_17_H_9_sigma_-20_C_0.01_Cz_0.1_20260216_125433,0.002085572990811551,0.00022267691842787617,0.002121137161123376,0.00021245771821737074,0.0022808926276370466,0.00020515304849489922,0.0011156086734228693,0.000137074564148811,-0.6021351036598548,-0.23535905590713238,16.385854610660825,True,6.565276,6.5652756722864,12.617545891747161,16.50126898019566,1.21
results_prod_neutral__pz_17__H__ions_dipole_H_pz_17_H_11_sigma_-20_C_0.01_Cz_0.1_20260216_125433,17.0,H,11.0,-20.0,0.01,0.1,2780,True,1.024821087239697,0.36311711348518444,0.14363680934124337,240.98229357048254,0.08668427826276352,pereschityvat,0.34579720455960533,0.039794401628091926,1.9398520056458208,0.28999095667986813,3.1293561626087385,0.3891887583428006,0.2368057877009404,0.04774279402380538,0.09141247841960846,0.012885686540117675,0.0826254281495933,0.030269768918707196,0.07636162470808151,0.05017509631665144,0.061621922180123224,0.012353271195442309,-8.65597794316392,249.5866988853978,0.05157262824865311,0.36311711348518444,0.0045045045045045045,0.3432915539096995,0.12580861602825963,0.3289204097714736,0.26103565365025466,0.23648247177658943,0.006913627886037687,0.38541799536564136,3.0689100025297846e-08,0.9926837590850458,0.1306094047492887,1.7229012908053332,0.3128512467233611,2.0950601166580025,0.34020347102345133,0.5051889007109339,0.16032051947623752,3,935.5113231392271,32123,1003.8527004499432,1.2224830946172723e-08,0.08404428307187917,694.5290295687446,6.454545454545454,0.32658079715340466,0.037453845744950025,0.669708950601891,0.10633224350990073,1.024821087239697,0.14363680934124337,0.1751716846596346,0.03311545584091696,0.32667124535576025,0.03751017350115829,0.6708786169055708,0.1065489909545509,1.0211135615685452,0.1432939075334336,0.17494616247048633,0.0331109423118396,results_prod_neutral/pz_17/H/ions_dipole_H_pz_17_H_11_sigma_-20_C_0.01_Cz_0.1_20260216_125433,0.0034682883740025545,0.00038616254450972253,0.003367309388273301,0.0003564244979383823,0.0040209153065976925,0.00036200349964558175,0.001898571288224712,0.00024582164606587014,-0.654648222251887,-0.3046572501774676,16.385854610660825,True,5.6987103333333335,5.698709898359979,11.473971951164117,16.50117435479487,1.21
results_prod_neutral__pz_17__sigma__ions_dipole_sigma_pz_17_H_3_sigma_-20_C_0.01_Cz_0.1_20260216_133324,17.0,sigma,3.0,-20.0,0.01,0.1,2166,True,0.16560096749595868,0.1591191191191191,0.025989268802399327,864.2404816104555,0.3990029924332667,godится s ogovorkami,0.7902482231592393,0.09867773797882312,2.0768833991969817,0.29988248875580564,2.364334574415118,0.35020708462953243,0.7750989179763988,0.1131569638782451,0.04852459266437368,0.009033814371527405,0.027300437228900937,0.008110641782318658,0.02207773609221812,0.009393126031895955,0.02597540374413468,0.008608195427970098,-140.9513544926277,1005.134339423782,0.057496679301451324,0.1591191191191191,0.0,0.06389452332657201,0.0,0.03849952516619184,0.0,0.052941176470588235,0.0,0.5564683102945656,2.9342832684111562e-08,0.29885649349733606,0.08606970119607915,0.4082209377715214,0.0683726813177115,0.3922759361317356,0.0706421539906615,0.16976355871395757,0.06488416049350515,3,1234.4382776507098,28485,438.70595192595096,1.188607057055589e-08,0.013528630423870898,370.1977960402541,21.0,0.1270128582695518,0.02328348911692017,0.16560096749595868,0.023857731492678613,0.14792977615314706,0.025989268802399327,0.07877301021950593,0.023239763935768713,0.12688541504646692,0.023289583930526225,0.16554125499083297,0.0238388764489412,0.14814319131249468,0.02601021308875644,0.07877305016125746,0.023235592740542668,results_prod_neutral/pz_17/sigma/ions_dipole_sigma_pz_17_H_3_sigma_-20_C_0.01_Cz_0.1_20260216_133324,0.0010663008944108772,0.00016064910893418062,0.0015471050481392845,0.00014930904160175633,0.0017488100044337797,0.00014931347094256165,0.0007453138751776071,9.577203602353038e-05,-0.4518397784859048,-0.00039959424190302167,16.385854610660825,True,9.069245666666665,9.06924589432034,16.538270235738832,16.544881475109253,1.21
results_prod_neutral__pz_17__sigma__ions_dipole_sigma_pz_17_H_3_sigma_-15_C_0.01_Cz_0.1_20260216_125433,17.0,sigma,3.0,-15.0,0.01,0.1,1674,True,0.15786876926332202,0.14812742812742816,0.025840857263552137,648.6452334823305,0.3874822183287518,godится s ogovorkami,0.8504160533760969,0.12640275217087782,1.5274998091129535,0.23646891837185083,1.7357521347515021,0.25974356093840933,0.569281850671186,0.11019139068337398,0.041242465467012164,0.007925371628838636,0.02704878294024417,0.008470167671916442,0.031752516843362825,0.00913806143670701,0.042825945703311365,0.008697283803233051,19.146354487745118,629.3916844768286,0.10719451775671018,0.12349048800661705,0.0,0.09120595167106794,0.0,0.0913951545530493,0.0,0.14812742812742816,0.0,0.8158296321222664,4.494589139648162e-08,0.345235700351477,0.06320235306380868,0.4014705864046764,0.07924713968780676,0.3614777392361668,0.08224280693547593,0.23082225431211092,0.06468548258675054,3,738.0450071771353,28485,263.78535691038843,3.1770749424824825e-08,0.0252222394721671,89.39977369480478,21.0,0.1287485333937809,0.020643142995286298,0.15455452471096617,0.025297236668112576,0.15786876926332202,0.025840857263552137,0.10353161309254293,0.022796743197747146,0.12856145237704106,0.02062076078882052,0.1544195113598485,0.025233705384388082,0.15798673318348605,0.025912076967069955,0.10343202418831852,0.022794285642732903,results_prod_neutral/pz_17/sigma/ions_dipole_sigma_pz_17_H_3_sigma_-15_C_0.01_Cz_0.1_20260216_125433,0.0020545426285888285,0.00024417089476717825,0.0021570256714579868,0.0002302672411626749,0.0022407602258476523,0.0002202785117501756,0.0011953936214679703,0.00015522559245085893,-0.44005700584482166,0.0009048158066732346,9.115757797947243,True,5.209750666666666,5.209750637913696,9.3124917305325,9.304073257982232,0.9025
results_prod_neutral__pz_17__sigma__ions_dipole_sigma_pz_17_H_3_sigma_-10_C_0.01_Cz_0.1_20260216_125433,17.0,sigma,3.0,-10.0,0.01,0.1,1254,True,0.14953705031803619,0.10493263798348546,0.02644892808847935,463.63688704449686,0.36972638520294804,godится s ogovorkami,1.011604388224711,0.11306912998961027,1.1768208751570608,0.16618190419043855,1.1679926731994124,0.190011870882015,0.49815402892167526,0.09806610385896634,0.03756141934043184,0.008953205564428218,0.02801750093106381,0.00814531355257061,0.04149617994292937,0.008618588878072212,0.03391006842763682,0.008709850734146034,82.96303966815971,380.4136259202542,0.2602214560829796,0.10493263798348546,0.0,0.049772283669486016,0.0,0.10388920130312325,0.0,0.08555320648343905,0.0,0.3470478916316971,0.04035995779709622,0.3530839021559003,0.08985071194411855,0.33590202405189595,0.06785643480058025,0.45011283253443035,0.06936431173204584,0.24182544362067096,0.06253417230349943,3,425.21594530521315,28485,151.57612113041992,5.28944295553746e-09,0.06122857790187753,-38.42094173928377,21.0,0.14953705031803619,0.02644892808847935,0.12520481147703197,0.021333838122785734,0.1476515203500047,0.022021162893292215,0.09547397301926207,0.022314285330731962,0.14960653333184343,0.026419359175150977,0.12481699179414703,0.021270267089802564,0.14784235909525356,0.022048594122532104,0.09524835142815913,0.022293284335020407,results_prod_neutral/pz_17/sigma/ions_dipole_sigma_pz_17_H_3_sigma_-10_C_0.01_Cz_0.1_20260216_125433,0.002899765321737574,0.0003475773327496269,0.0029848541818906504,0.00033587360401763624,0.0032753381004424795,0.0003191864222026123,0.0016284091655378481,0.0002331915247632373,-0.4033569876472783,0.0018799755204134594,4.584144558791527,True,2.8077193333333335,2.807719008235159,4.714707778352159,4.7058608751044915,0.64
results_prod_neutral__pz_17__sigma__ions_dipole_sigma_pz_17_H_3_sigma_-5_C_0.01_Cz_0.1_20260216_125433,17.0,sigma,3.0,-5.0,0.01,0.1,714,True,0.13626344103694318,0.14521926882935035,0.02071052772238454,229.3984011592589,0.3212862761334158,godится s ogovorkami,0.6551943846158955,0.08500773965039128,0.6290643771224974,0.08965492688711137,0.7440085588269386,0.09856932182917234,0.38847242193457804,0.06169135742036878,0.03647169925921536,0.007738759919368902,0.03738096280276684,0.006439416869900732,0.049400775311031014,0.007902378374854606,0.028188056938000524,0.006691225891934411,91.84658997162573,137.49564545682546,0.05616573080775516,0.12121212121212122,0.0,0.1168324090010837,0.0,0.14521926882935035,0.0,0.04493343558885415,0.0,0.6102892860373571,4.10085561234018e-08,0.30639478682805527,0.055846463974251116,0.33513672295342406,0.05873066821872925,0.3858707222938836,0.07004800332774773,0.2248296412304486,0.07002341895421536,3,118.95610487502078,28485,47.28873257553918,1.3362061869870847e-08,0.013215466072412979,-110.44229628423813,21.0,0.11714380164966336,0.019548051307109238,0.13133555899757896,0.018970408180046933,0.13626344103694318,0.02071052772238454,0.08338635710159104,0.018357943782304393,0.11704244006353426,0.019576633285552578,0.13118574889096943,0.01895398478654854,0.1361587617602424,0.020713033197291977,0.08331225871784814,0.018361410786459614,results_prod_neutral/pz_17/sigma/ions_dipole_sigma_pz_17_H_3_sigma_-5_C_0.01_Cz_0.1_20260216_125433,0.0012570481278837903,0.00015207593784166012,0.0014206917768912293,0.00014794735563415217,0.0012823867587310651,0.00013875646863183172,0.0007245954550679246,9.399897190033779e-05,-0.2893379957438677,0.0036855161209744637,1.0241159131663016,True,0.7318794666666667,0.7318794024129412,1.033651372030285,1.0298558217967735,0.3025
results_prod_neutral__pz_17__sigma__ions_dipole_sigma_pz_17_H_3_sigma_0_C_0.01_Cz_0.1_20260216_163305,17.0,sigma,3.0,0.0,0.01,0.1,230,True,0.05448330486100226,0.013759489302967562,0.007315808607822209,66.63902267215774,0.2897348811832945,godится s ogovorkami,0.11154910558552339,0.015012779328669033,0.14366061040801067,0.02270637746078256,0.1548046727617242,0.018992357675446627,0.09055591429495703,0.014875890249091007,0.014453452347668002,0.002642823579170331,0.01753968399967026,0.002497866219812838,0.013954746191204436,0.001980420686341912,0.013461079885343133,0.0023576093168312055,58.29743658331969,8.32453869393582,0.01704739490223672,0.0,0.0,0.013759489302967562,0.0,0.0,0.0,0.0,0.0,0.6855330862320064,5.3576205186289205e-08,0.10761258392186657,0.024178020864354378,0.1333692992160581,0.022996591972130314,0.10369246165391048,0.01644755175128171,0.08944284976044882,0.02464293598721773,3,-47.7581081778452,28485,1.789353894939273,3.0169311712542725e-09,0.0040111517417027575,-114.39713085000294,21.0,0.040176920179426305,0.007315808607822209,0.05448330486100226,0.00646123447718585,0.04141996725164857,0.0054378023336654575,0.031887978301936744,0.006363055661741099,0.03991605248859876,0.00729835204905858,0.05442868681327586,0.006462421125516939,0.041466312534105945,0.005382893149708575,0.0318949210263959,0.00635665662343296,results_prod_neutral/pz_17/sigma/ions_dipole_sigma_pz_17_H_3_sigma_0_C_0.01_Cz_0.1_20260216_163305,0.0007645246610076881,8.931060945212136e-05,0.0008424846061755212,8.391669752587513e-05,0.0006999053284082655,8.370067435136449e-05,0.0004234037183228582,5.4201408266378764e-05,,,0.0,True,0.0,0.0,0.0,0.0,0.0
results_prod__pz_27p6__Cz__ions_dipole_Cz_pz_27p6_H_3_sigma_-20_C_0.01_Cz_0.7_20251124_154916,27.6,Cz,3.0,-20.0,0.01,0.7,2497,False,0.5873207289280903,0.6165817770232032,0.08451353519068956,-44230.41436845309,-17.713421853605567,pereschityvat,0.2999772981412769,0.0651647057062715,0.35350332729847994,0.06738686245697113,0.35610985535512324,0.07545719381873321,0.37617319441698777,0.07545855493790601,0.16832108400266063,0.028826351223103248,0.20131388143099582,0.03762545828951903,0.1679637812560244,0.033322684096330775,0.1820361450503373,0.03417406843870565,-1089.1127265651387,-41583.33793248937,-1557.9637093985973,0.5826392961876833,0.04549992868349736,0.6165817770232032,0.1108555410893279,0.5891203703703703,0.0756436677671931,0.5943923463105049,0.0912791579458246,0.9593552175526106,5.29461042385421e-08,0.9989154706943423,0.17911972291550918,1.2263647918103346,0.18391444748307964,0.9748900652270552,0.17621898173447573,1.3469255164678,0.2599790285820884,3,1827.1987787881596,28485,45425.21811922162,27775.887108995877,-366.5796963290816,46057.61314724126,21.0,0.4405265772439324,0.07608998975377018,0.5593974660331003,0.08222090818440547,0.5094909900481269,0.08054834827264011,0.5873207289280903,0.08451353519068956,0.3708086167712515,0.0638341413341527,0.45420287033823464,0.06578954499818714,0.4294052699176371,0.06520370424916742,0.4894144974821745,0.07040683380531439,results_prod/pz_27p6/Cz/ions_dipole_Cz_pz_27p6_H_3_sigma_-20_C_0.01_Cz_0.7_20251124_154916,0.07361377261716257,0.013263807101587236,0.10875449665168814,0.017184236918423707,0.08727389851896789,0.01649546242575395,0.10115972407148736,0.015965040977632336,0.046349366152147846,-0.005434395207244339,16.385854610660825,False,-17.084846666666667,-17.084845423275798,-16.239317546182047,-16.328050626248977,1.21
results_prod_neutral__pz_27p6__Cz__ions_dipole_Cz_pz_27p6_H_3_sigma_-20_C_0.01_Cz_0_20260217_030915,27.6,Cz,3.0,-20.0,0.01,0.0,1950,True,0.1541365930786698,0.112987987987988,0.0258687337471095,801.1832334469524,0.41086319663946275,godится s ogovorkami,0.7118207800758526,0.09453674584380804,1.9643918945983616,0.27030946489591945,2.5152239497527895,0.3611917606061948,,,0.03933032861618079,0.009266549993667718,0.026485687442469055,0.008346220233865555,0.026622192390372362,0.00783836182501071,,,-235.68602595738534,1036.8069480480879,0.06231135624993484,0.112987987987988,0.0,0.0844017094017094,0.0,0.06431431431431432,0.0,,,0.4279243942260785,3.5890418151254435e-08,0.31919342647317483,0.06625693715524034,0.43558138234308874,0.06552528200908593,0.3839382173695396,0.07919988433042176,,,3,1342.1938430792195,28485,451.6074127035595,1.077747116174127e-08,0.014661495588219962,541.0106096322669,21.0,0.11140576296128324,0.0258687337471095,0.147003899674392,0.02358418475654518,0.1541365930786698,0.025057025571312497,,,0.11150067052397529,0.025847862480697037,0.1468291265705614,0.023536163898743096,0.15416358172409886,0.02510203240277312,,,results_prod_neutral/pz_27p6/Cz/ions_dipole_Cz_pz_27p6_H_3_sigma_-20_C_0.01_Cz_0_20260217_030915,0.0008571135389676401,0.00011512508365081892,0.0012475456038190458,0.00012147595343299435,0.0011784866785607322,0.0001156783430991221,,,-0.4418742827680854,7.003942964715186e-06,16.385854610660825,True,9.263298333333333,9.263298556234767,16.59727038164839,16.597154136127443,1.21
results_prod_neutral__pz_27p6__H__ions_dipole_H_pz_27p6_H_5_sigma_-20_C_0.01_Cz_0.1_20260216_125816,27.6,H,5.0,-20.0,0.01,0.1,2320,True,0.24019840327704145,0.14484126984126983,0.04924568716477417,712.7063672252908,0.30720102035572877,godится s ogovorkami,0.6598850239067731,0.07298236871383193,1.8887055210568604,0.2807906165538552,2.6591312484957124,0.35533858184259026,0.7600326235711705,0.13480227649510043,0.03796735128564218,0.011035906344652869,0.03516991647997278,0.012789424901348241,0.021812289982005184,0.01603606040703135,0.04034803089443336,0.011406472786056035,-37.54041275036406,750.2353295441186,0.011450431536397994,0.12987012987012989,0.0,0.1014869549352308,0.0,0.01878306878306878,0.0,0.14484126984126983,0.0,0.7617287037012614,0.11130844728723294,0.45027346869815305,0.09854882425092933,0.4868339444696139,0.12171299250104095,0.5092819858322958,0.1281699520305766,0.39072670757234623,0.11293421551865122,3,1338.5604448640877,29398,752.7925489346284,9.579535920429564e-09,0.005089080682843553,625.8540776387969,13.0,0.14878132784281375,0.029799731677316508,0.20405661213231396,0.04141253683058784,0.24019840327704145,0.04924568716477417,0.15406285614138743,0.03524002762084382,0.14868134404927966,0.029759433397136176,0.2038174022268281,0.04136992493841022,0.24040908487691215,0.04931332155228846,0.1540058715279218,0.03523711211690078,results_prod_neutral/pz_27p6/H/ions_dipole_H_pz_27p6_H_5_sigma_-20_C_0.01_Cz_0.1_20260216_125816,0.0008346198341667432,9.381451548402419e-05,0.0009440269484480961,8.468769128192436e-05,0.0009065652650357336,8.441794871262067e-05,0.0007880728250224995,8.783577605955783e-05,-0.4795097744658361,-0.06530370635665347,16.385854610660825,True,8.599117,8.599117536241062,15.442294389830876,16.521189283460682,1.21
results_prod_neutral__pz_27p6__H__ions_dipole_H_pz_27p6_H_7_sigma_-20_C_0.01_Cz_0.1_20260216_125816,27.6,H,7.0,-20.0,0.01,0.1,2472,True,0.45398548675126366,0.251786396116293,0.08439301437352305,533.7238937657388,0.21590772401526648,pereschityvat,0.45976461417498754,0.05934981637508491,1.7095629927267753,0.28351614531172015,2.922078003253714,0.36640857246437514,0.603873026130938,0.09816975271939722,0.0603063311849385,0.011303431471991731,0.046763520901277424,0.018128100427590593,0.034275629018761036,0.028886072118249607,0.05662418385465482,0.014295575238751383,-25.73325098903129,559.434489547457,0.022655207312978237,0.251786396116293,0.0,0.1490207717632002,0.007805819101834283,0.08230238179188831,0.028946539568135993,0.23552706098899154,0.007143100109577991,0.3871528567368961,3.230361883246695e-08,0.4946438920190504,0.11101070739390939,0.9465489890734391,0.21493041111803682,0.9871150830008978,0.22791294594351394,0.6421659805267802,0.13926604009481122,3,1283.039142598672,30324,882.3344476632229,1.1135273330109152e-08,0.01626527704521515,749.3152488329333,9.571428571428571,0.19137925028607747,0.031133369647950455,0.34074723400684476,0.06637449632291632,0.45398548675126366,0.08439301437352305,0.2106552752149831,0.04413336028475733,0.19148601962877387,0.031140714097363003,0.34120519042706676,0.06645396938345367,0.45295056344705215,0.08428089328236932,0.2103282502401632,0.0441183519148527,results_prod_neutral/pz_27p6/H/ions_dipole_H_pz_27p6_H_7_sigma_-20_C_0.01_Cz_0.1_20260216_125816,0.0012427640077860786,0.00014405156347191983,0.0012106248641827744,0.00013904280590232412,0.0016319613230574112,0.0001318981985630499,0.0012367276981419203,0.0001413763007911922,-0.5409818435020992,-0.15583020688863125,16.385854610660825,True,7.572382666666667,7.572382973011358,13.926196332750692,16.49691382751651,1.21
results_prod_neutral__pz_27p6__H__ions_dipole_H_pz_27p6_H_9_sigma_-20_C_0.01_Cz_0.1_20260216_125816,27.6,H,9.0,-20.0,0.01,0.1,2626,True,0.6988109140945659,0.37566600963730146,0.11739895064254595,367.67735828041464,0.14001422630632698,pereschityvat,0.3754679251491633,0.04637098282197602,1.695036507132416,0.2805105785672078,2.964603938751192,0.3768022784205269,0.48959246971919623,0.08149854833803749,0.09133787432207689,0.012766979344275292,0.06323691091354022,0.02627766828853742,0.047761119553796916,0.03992230832197208,0.07304387479681472,0.014390738810711338,-29.54813324849169,397.19207180686067,0.03341972204571756,0.37566600963730146,0.0023980815347721825,0.2445809865164704,0.05774538599341749,0.15538496754467715,0.15725401073304732,0.29901171180240943,0.0143040688369088,0.43422074842980685,3.30337600496067e-08,0.7080695100159745,0.12684177809250982,1.3501225887492903,0.24369800189544477,1.4482263511001052,0.2743214631716802,0.8210912770983015,0.16900413983031137,3,1184.7936317958408,31182,948.9232654723195,1.5748893236417252e-08,0.036457878595328244,817.1162735154262,7.666666666666667,0.2498583966417012,0.033979092637116785,0.43581254239583583,0.08534425145962511,0.6988109140945659,0.11739895064254595,0.2630816275543523,0.04770175564029381,0.2497276456306334,0.03398636131722923,0.4350447564605849,0.08519506949295756,0.7007005286983091,0.11760158442737578,0.26307782026554705,0.04768583645075943,results_prod_neutral/pz_27p6/H/ions_dipole_H_pz_27p6_H_9_sigma_-20_C_0.01_Cz_0.1_20260216_125816,0.0020861658244538182,0.00023954696440152062,0.0020804028273477475,0.00022127257562221453,0.0024496594950844,0.0002167323996438421,0.0019185565737318607,0.0002357325448712199,-0.6078540163715676,-0.23641812664275746,16.385854610660825,True,6.480221,6.480221077154783,12.618207393273863,16.525022179737395,1.21
results_prod_neutral__pz_27p6__H__ions_dipole_H_pz_27p6_H_11_sigma_-20_C_0.01_Cz_0.1_20260216_125816,27.6,H,11.0,-20.0,0.01,0.1,2780,True,0.833942909476462,0.3528884672148429,0.13891394495837076,205.29503029556818,0.07384713319984466,pereschityvat,0.2723965317485815,0.038584331355209514,1.7974492151064236,0.28182403572199516,2.8222492223288462,0.37292528215394743,0.5200161665620263,0.07529129680439998,0.08557433591539147,0.0127514361052576,0.08263512112810419,0.029345542449321475,0.07035178275943242,0.04969744542359828,0.09007119223323218,0.017727270586624332,-42.096624815482585,247.36671872056885,0.02493639048194467,0.3498090153343572,0.0,0.3528884672148429,0.10659428894543399,0.26655982905982906,0.25238050684564994,0.32875000000000004,0.02124592062782356,0.5148633022003883,3.9853597333656947e-08,0.8672523243271808,0.12114185513026136,1.862710653136615,0.3537019367808545,1.5980765747741958,0.30013966300524314,0.9774602531568034,0.17358034010492687,3,1059.057887548187,32123,972.4585174515028,1.1514549134639662e-08,0.04063708078539131,853.7628572526188,6.454545454545454,0.25059747337227034,0.03352053168669339,0.6176714365101182,0.10603471925722756,0.833942909476462,0.13891394495837076,0.3013956416239176,0.05291873257454064,0.2501214870639558,0.0335009754262787,0.6179805541331733,0.10610543463163964,0.8325789317254925,0.1387957704669822,0.301444509641262,0.05291566283404322,results_prod_neutral/pz_27p6/H/ions_dipole_H_pz_27p6_H_11_sigma_-20_C_0.01_Cz_0.1_20260216_125816,0.0021558142168033915,0.00024066400124803878,0.0023344897349439698,0.0002267128164743872,0.0026925135923109057,0.00022416140394858862,0.001887196531920477,0.0002331239714779238,-0.6661866176518766,-0.31312584354298856,16.385854610660825,True,5.501621333333333,5.501621576638013,11.320461909037576,16.48112948000552,1.21
results_prod_neutral__pz_27p6__sigma__ions_dipole_sigma_pz_27p6_H_3_sigma_-15_C_0.01_Cz_0.1_20260216_125825,27.6,sigma,3.0,-15.0,0.01,0.1,1674,True,0.16489593499056457,0.11855636123928807,0.03486578237935983,641.3550782198803,0.3831272868697015,godится s ogovorkami,0.8753756166366656,0.1095070102396773,1.4517534669168348,0.22205743151092042,1.7361420297629786,0.26084284163877874,1.0400449640670033,0.1807294170268798,0.039421085736356165,0.007818405181920453,0.03086427854865889,0.008304275032761424,0.027205333071999516,0.008912997656239676,0.03602213093883345,0.011597208996318381,22.114491848448683,619.1602173802074,0.08036899122420108,0.10993828425679214,0.0025252525252525255,0.11855636123928807,0.0,0.03333333333333333,0.0,0.09947089947089947,0.0028011204481792717,0.8454467851393103,5.43570391785384e-08,0.3230206395613245,0.08632656293931408,0.424358542279825,0.07507025125529321,0.24012506824161703,0.05878927840921148,0.36629800747420566,0.1000960088198291,3,763.5348984168473,28485,257.21818548662117,1.3430497614179734e-08,0.018910350876282605,122.1798201969671,21.0,0.13468954850904608,0.022106089720482048,0.16489593499056457,0.02374857121051253,0.12625502362136787,0.023186998490719157,0.15767471113696893,0.03486578237935983,0.13443655067557056,0.02208480843501195,0.16481973202504613,0.02371195018453666,0.12616375665370638,0.02319708871414405,0.1574509813188674,0.03485705916922666,results_prod_neutral/pz_27p6/sigma/ions_dipole_sigma_pz_27p6_H_3_sigma_-15_C_0.01_Cz_0.1_20260216_125825,0.001483129534247231,0.00020861140796982054,0.0017253033781562364,0.0001947888840866923,0.001971626151806721,0.0001863664420087464,0.0015013773130144095,0.00020660447629927228,-0.4428947898232089,0.0013346797071605357,9.115757797947243,True,5.176679333333333,5.1766793056904445,9.304505540103051,9.292103558047291,0.9025
results_prod_neutral__pz_27p6__sigma__ions_dipole_sigma_pz_27p6_H_3_sigma_-10_C_0.01_Cz_0.1_20260216_125816,27.6,sigma,3.0,-10.0,0.01,0.1,1254,True,0.1472103182075223,0.11666666666666665,0.03144472148695252,455.485759212991,0.3632262832639481,godится s ogovorkami,0.9155465955100183,0.09830552314987877,1.1391337250547873,0.15691608261143586,1.270933837987172,0.18609402533897135,0.9000502895144958,0.14025442505132887,0.04221611093805109,0.0072204929941051136,0.03279709298269951,0.009010219472496863,0.033286732639569584,0.008070652074009208,0.03806679972091854,0.01140544253362683,87.07945692484843,368.3801030236496,0.026199264492927383,0.11666666666666665,0.0,0.10439764665902045,0.0,0.0611191743267215,0.0,0.10753968253968253,0.0,0.430686488153943,3.660004245453581e-08,0.3507507655374182,0.07066475789226019,0.3881234030150209,0.0865137244588831,0.316923601396583,0.07085717822572854,0.3141597289944993,0.09513826965111193,3,448.55720117348295,28485,143.2950269964749,4.787657303668883e-09,0.006164532821865266,-6.928558039508064,21.0,0.13157078257881624,0.021253887516157713,0.1472103182075223,0.024693348814863143,0.14023112192929835,0.02202096749476112,0.1301420325453693,0.03144472148695252,0.1316038325679817,0.021269386634880347,0.14718692244008744,0.02469079119157692,0.14028230627836016,0.022019602275265494,0.1302402336754995,0.03143756118779937,results_prod_neutral/pz_27p6/sigma/ions_dipole_sigma_pz_27p6_H_3_sigma_-10_C_0.01_Cz_0.1_20260216_125816,0.0009395868448230355,0.00011548490738431553,0.0009760273820031501,0.00010747925677049223,0.0010273153539946981,0.00010593604333423691,0.000989342283879208,0.0001106616371517296,-0.40259017040770884,0.004022077920031845,4.584144558791527,True,2.7967673333333334,2.796767478990233,4.70031820137828,4.681488888287823,0.64
results_prod_neutral__pz_27p6__sigma__ions_dipole_sigma_pz_27p6_H_3_sigma_-5_C_0.01_Cz_0.1_20260216_125815,27.6,sigma,3.0,-5.0,0.01,0.1,714,True,0.15350370606833605,0.18831383670093346,0.03146720274545447,222.1597362901587,0.31114809004223903,godится s ogovorkami,0.6274915282604908,0.08064848089160141,0.6171560886638193,0.08879406801428913,0.7366671680470714,0.1080580618093251,0.6376010640714831,0.1155612931327407,0.03925624984051809,0.008686818312786655,0.037932999419708076,0.00664843788300061,0.055056841067411204,0.008047488159893186,0.03751609230242303,0.011235387452670567,79.57952408836172,142.50466784566905,0.07554435612790623,0.1475925925925926,0.0,0.12928913192071087,0.0,0.18831383670093346,0.0,0.11525945109000972,0.0026041666666666665,0.5849631760265698,4.1054795517995995e-08,0.40581229115262624,0.07422984223165478,0.5091932200499908,0.06784760754065898,0.39209300837488564,0.07314930753838324,0.3465515840831672,0.10440133565027084,3,165.76027075775244,28485,47.77297380482002,1.708014396890527e-08,0.017775142618330884,-56.399465532406246,21.0,0.1327783014799622,0.022559833542004432,0.15011394215700777,0.021280806973307035,0.15350370606833605,0.022839931046710893,0.12979664459899942,0.03146720274545447,0.1327203100002968,0.022567122956219172,0.1500231022189795,0.02126607796554908,0.15323482719749604,0.022838637252917054,0.1295595939365828,0.03146269890636144,results_prod_neutral/pz_27p6/sigma/ions_dipole_sigma_pz_27p6_H_3_sigma_-5_C_0.01_Cz_0.1_20260216_125815,0.0015093509131768861,0.0001725056698430035,0.0014722746004292816,0.00015998681683482855,0.0014883756802195845,0.0001583339329076483,0.0013036811619155794,0.00018382333484094745,-0.34201925245652937,-0.0004672941683527327,1.0241159131663016,True,0.7010298,0.7010296946891822,1.0649279788459445,1.0654258461306536,0.3025
results_prod_neutral__pz_27p6__sigma__ions_dipole_sigma_pz_27p6_H_3_sigma_0_C_0.01_Cz_0.1_20260216_163324,27.6,sigma,3.0,0.0,0.01,0.1,230,True,0.06956398623358061,0.0872093023255814,0.01390160655129057,59.92946176015345,0.26056287721805843,godится s ogovorkami,0.163484875004244,0.024798835716056972,0.18220189507720352,0.021757083311659136,0.1909238395992977,0.01919176622288835,0.18636429398518053,0.028851824409403277,0.024075240542025853,0.00314156287122112,0.022001251951125355,0.0035470620588011633,0.029806307894282028,0.004125669029240779,0.02853885184850258,0.005214094563804787,45.95076009341572,13.970608226944089,0.008093439793638609,0.01634768740031898,0.0,0.03435657581133631,0.0,0.0872093023255814,0.0,0.0483593043204465,0.0,0.3189564239739967,3.874639699206207e-08,0.19193162089399,0.029509122466825095,0.16934717146193556,0.023579970392596242,0.171418624612478,0.02503794207036909,0.1862415008304975,0.053231516379247966,3,1.4646872827215915,28485,2.6924766954308583,8.625335626331272e-09,0.00190433877497379,-58.46477447743186,21.0,0.06606314493881943,0.008714513528996678,0.06339046323621984,0.008567752871398363,0.06956398623358061,0.008843709706668534,0.0690742306728267,0.01390160655129057,0.0659627438724858,0.008719952940892535,0.06332336481926125,0.008576305337653854,0.069488581410755,0.008829231552241612,0.06901330852234012,0.01390042252710881,results_prod_neutral/pz_27p6/sigma/ions_dipole_sigma_pz_27p6_H_3_sigma_0_C_0.01_Cz_0.1_20260216_163324,0.0005251053419104005,6.174043020921514e-05,0.0005380753876527509,5.7716943739602716e-05,0.0005301800695232337,5.830830022386331e-05,0.0004801324770231995,6.365037252066169e-05,,,0.0,True,0.0,0.0,0.0,0.0,0.0
